Year,Location,Average Yearly Temperature (Celsius),TeamA,TeamB,Round,Full-time score TeamA,Full-time score TeamB,TeamA Elo Rating,TeamB Elo Rating,Form of TeamA,Form of TeamB
1930,Uruguay,17.55,France,Mexico,1,4,1,1000,1000,Neutral,Neutral
1930,Uruguay,17.55,Argentina ,France,1,1,0,,,Neutral,Neutral
1930,Uruguay,17.55,Chile,Mexico,1,3,0,,,Neutral,Neutral
1930,Uruguay,17.55,Chile,France,1,1,0,,,Neutral,Neutral
1930,Uruguay,17.55,Argentina ,Mexico,1,6,3,,,Neutral,Bad
1930,Uruguay,17.55,Argentina ,Chile ,1,3,1,,,Good,Neutral
1930,Uruguay,17.55,Yugoslavia,Brazil,1,2,1,,,Neutral,Neutral
1930,Uruguay,17.55,Yugoslavia,Bolivia,1,4,0,,,Neutral,Neutral
1930,Uruguay,17.55,Brazil,Bolivia,1,4,0,,,Neutral,Neutral
1930,Uruguay,17.55,Romania,Peru,1,3,1,,,Neutral,Neutral
1930,Uruguay,17.55,Uruguay,Peru,1,1,0,,,Neutral,Neutral
1930,Uruguay,17.55,Uruguay,Romania,1,4,0,,,Neutral,Neutral
1930,Uruguay,17.55,United States,Belgium,1,3,0,,,Neutral,Neutral
1930,Uruguay,17.55,United States,Paraguay,1,3,0,,,Neutral,Neutral
1930,Uruguay,17.55,Paraguay,Belgium,1,1,0,,,Neutral,Neutral
1930,Uruguay,17.55,Argentina ,United States,2,6,1,,,Good,Neutral
1930,Uruguay,17.55,Uruguay,Yugoslavia,2,6,1,,,Good,Neutral
1930,Uruguay,17.55,Uruguay,Argentina,3,4,2,,,Good,Good
1934,Italy,13.35,Sweden,Argentina,1,3,2,,,,
1934,Italy,13.35,Austria,France,1,3,2,,,,
1934,Italy,13.35,Germany,Belgium,1,5,2,,,,
1934,Italy,13.35,Spain,Brazil,1,3,1,,,,
1934,Italy,13.35,Hungary,Egypt,1,4,2,,,,
1934,Italy,13.35,Switzerland,Netherlands,1,3,2,,,,
1934,Italy,13.35,Italy,United States,1,7,1,,,,
1934,Italy,13.35,Czechoslovakia,Romania,1,2,1,,,,
1934,Italy,13.35,Czechoslovakia,Switzerland,2,3,2,,,,
1934,Italy,13.35,Germany,Sweden,2,2,1,,,,
1934,Italy,13.35,Italy,Spain,2,1,1,,,,
1934,Italy,13.35,Austria,Hungary,2,2,1,,,,
1934,Italy,13.35,Italy,Spain,2,1,0,,,,
1934,Italy,13.35,Italy,Austria,3,1,0,,,,
1934,Italy,13.35,Czechoslovakia,Germany,3,3,1,,,,
1934,Italy,13.35,Germany,Austria,3,3,2,,,,
1934,Italy,13.35,Italy,Czechoslovakia,4,2,1,,,,
1938,France,10.7,Switzerland,Germany,1,1,1,,,,
1938,France,10.7,Hungary,Dutch East Indies,1,6,0,,,,
1938,France,10.7,France,Belgium,1,3,1,,,,
1938,France,10.7,Cuba,Romania,1,3,3,,,,
1938,France,10.7,Italy,Norway,1,2,1,,,,
1938,France,10.7,Brazil,Poland,1,6,5,,,,
1938,France,10.7,Czechoslovakia,Netherlands,1,3,0,,,,
1938,France,10.7,Cuba,Romania,1,2,1,,,,
1938,France,10.7,Germany,Switzerland,1,2,4,,,,
1938,France,10.7,Brazil,Czechoslovakia,2,1,1,,,,
1938,France,10.7,Switzerland,Hungary,2,0,2,,,,
1938,France,10.7,Sweden,Cuba,2,8,0,,,,
1938,France,10.7,France,Italy,2,1,3,,,,
1938,France,10.7,Brazil,Czechoslovakia,2,2,1,,,,
1938,France,10.7,Hungary,Sweden,3,5,1,,,,
1938,France,10.7,Italy,Brazil,3,2,1,,,,
1938,France,10.7,Sweden,Brazil,4,2,4,,,,
1938,France,10.7,Hungary,Italy,5,2,4,,,,
1950,Brazil,24.95,Brazil,Mexico,1,4,0,,,,
1950,Brazil,24.95,Yugoslavia,Switzerland,1,3,0,,,,
1950,Brazil,24.95,Brazil,Switzerland,1,2,2,,,,
1950,Brazil,24.95,Yugoslavia,Mexico,1,4,1,,,,
1950,Brazil,24.95,Brazil,Yugoslavia,1,2,0,,,,
1950,Brazil,24.95,Switzerland,Mexico,1,2,1,,,,
1950,Brazil,24.95,England,Chile,1,2,0,,,,
1950,Brazil,24.95,Spain,United States,1,3,1,,,,
1950,Brazil,24.95,Spain,Chile,1,2,0,,,,
1950,Brazil,24.95,United States,England,1,1,0,,,,
1950,Brazil,24.95,Spain,England,1,1,0,,,,
1950,Brazil,24.95,Chile,United States,1,5,2,,,,
1950,Brazil,24.95,Sweden,Italy,1,3,2,,,,
1950,Brazil,24.95,Sweden,Paraguay,1,2,2,,,,
1950,Brazil,24.95,Italy,Paraguay,1,2,0,,,,
1950,Brazil,24.95,Uruguay,Bolivia,1,8,0,,,,
1950,Brazil,24.95,Uruguay,Spain,1,2,2,,,,
1950,Brazil,24.95,Brazil,Sweden,1,7,1,,,,
1950,Brazil,24.95,Brazil,Spain,1,6,1,,,,
1950,Brazil,24.95,Uruguay,Sweden,1,3,2,,,,
1950,Brazil,24.95,Sweden,Spain,1,3,1,,,,
1950,Brazil,24.95,Uruguay,Brazil,1,2,1,,,,
1954,Switzerland,5.5,Brazil ,Mexico,1,5,0,,,,
1954,Switzerland,5.5,Yugoslavia,France,1,1,0,,,,
1954,Switzerland,5.5,Brazil ,Yugoslavia,1,1,1,,,,
1954,Switzerland,5.5,France,Mexico,1,3,2,,,,
1954,Switzerland,5.5,West Germany,Turkey,1,4,1,,,,
1954,Switzerland,5.5,Hungary,South Korea,1,9,0,,,,
1954,Switzerland,5.5,Hungary,West Germany,1,8,3,,,,
1954,Switzerland,5.5,Turkey,South Korea,1,7,0,,,,
1954,Switzerland,5.5,West Germany,Turkey,1,7,2,,,,
1954,Switzerland,5.5,Uruguay,Czechoslovakia,1,2,0,,,,
1954,Switzerland,5.5,Austria,Scotland,1,1,0,,,,
1954,Switzerland,5.5,Austria,Czechoslovakia,1,5,0,,,,
1954,Switzerland,5.5,Uruguay,Scotland,1,7,0,,,,
1954,Switzerland,5.5,England,Belgium,1,4,4,,,,
1954,Switzerland,5.5,Switzerland,Italy,1,2,1,,,,
1954,Switzerland,5.5,England,Switzerland,1,2,0,,,,
1954,Switzerland,5.5,Italy,Belgium,1,4,1,,,,
1954,Switzerland,5.5,Switzerland,Italy,1,4,1,,,,
1954,Switzerland,5.5,Austria,Switzerland,2,7,5,,,,
1954,Switzerland,5.5,Uruguay,England,2,4,2,,,,
1954,Switzerland,5.5,Yugoslavia,West Germany,2,0,2,,,,
1954,Switzerland,5.5,Brazil,Hungary,2,2,4,,,,
1954,Switzerland,5.5,West Germany,Austria,3,6,1,,,,
1954,Switzerland,5.5,Hungary,Uruguay,3,4,2,,,,
1954,Switzerland,5.5,Uruguay,Austria,4,1,3,,,,
1954,Switzerland,5.5,Hungary,West Germany,5,2,3,,,,
1958,Sweden,2.1,West Germany,Argentina,1,3,1,,,,
1958,Sweden,2.1,Northern Ireland,Czechoslovakia,1,1,0,,,,
1958,Sweden,2.1,Argentina,Northern Ireland,1,3,1,,,,
1958,Sweden,2.1,West Germany,Czechoslovakia,1,2,2,,,,
1958,Sweden,2.1,West Germany,Northern Ireland,1,2,2,,,,
1958,Sweden,2.1,Czechoslovakia,Argentina,1,6,1,,,,
1958,Sweden,2.1,Northern Ireland,Czechoslovakia,1,2,1,,,,
1958,Sweden,2.1,France,Paraguay,1,7,3,,,,
1958,Sweden,2.1,Yugoslavia,Scotland,1,1,1,,,,
1958,Sweden,2.1,Yugoslavia,France,1,3,2,,,,
1958,Sweden,2.1,Paraguay,Scotland,1,3,2,,,,
1958,Sweden,2.1,France,Scotland,1,2,1,,,,
1958,Sweden,2.1,Paraguay,Yugoslavia,1,3,3,,,,
1958,Sweden,2.1,Sweden,Mexico,1,3,0,,,,
1958,Sweden,2.1,Hungary,Wales,1,1,1,,,,
1958,Sweden,2.1,Mexico,Wales,1,1,1,,,,
1958,Sweden,2.1,Sweden,Hungary,1,2,1,,,,
1958,Sweden,2.1,Sweden,Wales,1,0,0,,,,
1958,Sweden,2.1,Hungary,Mexico,1,4,0,,,,
1958,Sweden,2.1,Wales,Hungary,1,2,1,,,,
1958,Sweden,2.1,Brazil,Austria,1,3,0,,,,
1958,Sweden,2.1,Soviet Union,England,1,2,2,,,,
1958,Sweden,2.1,Brazil,England,1,0,0,,,,
1958,Sweden,2.1,Soviet Union,Austria,1,2,0,,,,
1958,Sweden,2.1,England,Austria,1,2,2,,,,
1958,Sweden,2.1,Brazil,Soviet Union,1,2,0,,,,
1958,Sweden,2.1,Soviet Union,England,1,1,0,,,,
1958,Sweden,2.1,France,Northern Ireland,2,4,0,,,,
1958,Sweden,2.1,Sweden,Soviet Union,2,2,0,,,,
1958,Sweden,2.1,Brazil,Wales,2,1,0,,,,
1958,Sweden,2.1,West Germany,Yugoslavia,2,1,0,,,,
1958,Sweden,2.1,France,Brazil,3,2,5,,,,
1958,Sweden,2.1,West Germany,Sweden,3,1,3,,,,
1958,Sweden,2.1,West Germany,France,4,3,6,,,,
1958,Sweden,2.1,Sweden,Brazil,5,2,5,,,,
1962,Chile,8.45,Uruguay,Colombia,1,2,1,,,,
1962,Chile,8.45,Soviet Union,Yugoslavia,1,2,0,,,,
1962,Chile,8.45,Yugoslavia,Uruguay,1,3,1,,,,
1962,Chile,8.45,Soviet Union,Colombia,1,4,4,,,,
1962,Chile,8.45,Soviet Union,Uruguay,1,2,1,,,,
1962,Chile,8.45,Yugoslavia,Colombia,1,5,0,,,,
1962,Chile,8.45,Chile,Switzerland,1,3,1,,,,
1962,Chile,8.45,West Germany,Italy,1,0,0,,,,
1962,Chile,8.45,Chile,Italy,1,2,0,,,,
1962,Chile,8.45,West Germany,Switzerland,1,2,1,,,,
1962,Chile,8.45,West Germany,Chile,1,2,0,,,,
1962,Chile,8.45,Italy,Switzerland,1,3,0,,,,
1962,Chile,8.45,Brazil,Mexico,1,2,0,,,,
1962,Chile,8.45,Czechoslovakia,Spain,1,1,0,,,,
1962,Chile,8.45,Brazil,Czechoslovakia,1,0,0,,,,
1962,Chile,8.45,Spain,Mexico,1,1,0,,,,
1962,Chile,8.45,Brazil,Spain,1,2,1,,,,
1962,Chile,8.45,Mexico,Czechoslovakia,1,3,1,,,,
1962,Chile,8.45,Argentina,Bulgaria,1,1,0,,,,
1962,Chile,8.45,Hungary,England,1,2,1,,,,
1962,Chile,8.45,England,Argentina,1,3,1,,,,
1962,Chile,8.45,Hungary,Bulgaria,1,6,1,,,,
1962,Chile,8.45,Hungary,Argentina,1,0,0,,,,
1962,Chile,8.45,England,Bulgaria,1,0,0,,,,
1962,Chile,8.45,Chile,Soviet Union,2,2,1,,,,
1962,Chile,8.45,Yugoslavia,West germany,2,1,0,,,,
1962,Chile,8.45,Brazil,England,2,3,1,,,,
1962,Chile,8.45,Czechoslovakia,Hungary,2,1,0,,,,
1962,Chile,8.45,Brazil,Chile,3,4,2,,,,
1962,Chile,8.45,Czechoslovakia,Yugoslavia,3,3,1,,,,
1962,Chile,8.45,Chile,Yugoslavia,4,1,0,,,,
1962,Chile,8.45,Brazil ,Czechoslovakia,5,3,1,,,,
1966,England,8.45,England,Uruguay,1,0,0,,,,
1966,England,8.45,France,Mexico,1,1,1,,,,
1966,England,8.45,Uruguay,France,1,2,1,,,,
1966,England,8.45,England,Mexico,1,2,0,,,,
1966,England,8.45,Mexico,Uruguay,1,0,0,,,,
1966,England,8.45,England,France,1,2,0,,,,
1966,England,8.45,West Germany,Switzerland,1,5,0,,,,
1966,England,8.45,Argentina,Spain,1,2,1,,,,
1966,England,8.45,Spain,Switzerland,1,2,1,,,,
1966,England,8.45,Argentina,West germany,1,0,0,,,,
1966,England,8.45,Argentina,Switzerland,1,2,0,,,,
1966,England,8.45,West Germany,Spain,1,2,1,,,,
1966,England,8.45,Brazil ,Bulgaria,1,2,0,,,,
1966,England,8.45,Portugal,Hungary,1,3,1,,,,
1966,England,8.45,Hungary,Brazil,1,3,1,,,,
1966,England,8.45,Portugal,Bulgaria,1,3,0,,,,
1966,England,8.45,Portugal,Brazil,1,3,1,,,,
1966,England,8.45,Hungary,Bulgaria,1,3,1,,,,
1966,England,8.45,Soviet Union,North Korea,1,3,0,,,,
1966,England,8.45,Italy,Chile,1,2,0,,,,
1966,England,8.45,Chile,North Korea,1,1,1,,,,
1966,England,8.45,Soviet Union,Italy,1,1,0,,,,
1966,England,8.45,North Korea,Italy,1,1,0,,,,
1966,England,8.45,Soviet Union,Chile,1,2,1,,,,
1966,England,8.45,England,Argentina,2,1,0,,,,
1966,England,8.45,West Germany,Uruguay,2,4,0,,,,
1966,England,8.45,Soviet Union,Hungary,2,2,1,,,,
1966,England,8.45,Portugal,North Korea,2,5,3,,,,
1966,England,8.45,West Germany,Soviet Union,3,2,1,,,,
1966,England,8.45,England,Portugal,3,2,1,,,,
1966,England,8.45,Portugal,Soviet Union,4,2,1,,,,
1966,England,8.45,England,West germany,5,4,2,,,,
1970,Mexico,21,Mexico,Soviet Union,1,0,0,,,,
1970,Mexico,21,Belgium,El Salvador,1,3,0,,,,
1970,Mexico,21,Soviet Union,Belgium,1,4,1,,,,
1970,Mexico,21,Mexico,El Salvador,1,4,0,,,,
1970,Mexico,21,Soviet Union,El Salvador,1,2,0,,,,
1970,Mexico,21,Mexico,Belgium,1,1,0,,,,
1970,Mexico,21,Uruguay,Israel,1,2,0,,,,
1970,Mexico,21,Italy,Sweden,1,1,0,,,,
1970,Mexico,21,Uruguay,Italy,1,0,0,,,,
1970,Mexico,21,Sweden,Israel,1,1,1,,,,
1970,Mexico,21,Uruguay,Sweden,1,0,1,,,,
1970,Mexico,21,Israel,Italy,1,0,0,,,,
1970,Mexico,21,Romania,England,1,0,1,,,,
1970,Mexico,21,Czechoslovakia,Brazil,1,1,4,,,,
1970,Mexico,21,Romania,Czechoslovakia,1,2,1,,,,
1970,Mexico,21,England,Brazil,1,0,1,,,,
1970,Mexico,21,Romania,Brazil,1,2,3,,,,
1970,Mexico,21,England,Czechoslovakia,1,1,0,,,,
1970,Mexico,21,Peru,Bulgaria,1,3,2,,,,
1970,Mexico,21,Morocco,West germany,1,1,2,,,,
1970,Mexico,21,Peru,Morocco,1,3,0,,,,
1970,Mexico,21,Bulgaria,West germany,1,2,5,,,,
1970,Mexico,21,Peru,West germany,1,1,3,,,,
1970,Mexico,21,Bulgaria,Morocco,1,1,1,,,,
1970,Mexico,21,Soviet Union,Uruguay,2,0,1,,,,
1970,Mexico,21,Italy,Mexico,2,4,1,,,,
1970,Mexico,21,Brazil,Peru,2,4,2,,,,
1970,Mexico,21,West Germany,England,2,3,2,,,,
1970,Mexico,21,Uruguay,Brazil,3,1,3,,,,
1970,Mexico,21,Italy,West germany,3,4,3,,,,
1970,Mexico,21,Uruguay,West germany,4,0,1,,,,
1970,Mexico,21,Brazil,Italy,5,4,1,,,,
1974,West Germany,8.5,West Germany,Chile,1,1,0,,,,
1974,West Germany,8.5,East Germany,Australia,1,2,0,,,,
1974,West Germany,8.5,Chile,East Germany,1,1,1,,,,
1974,West Germany,8.5,Australia,West germany,1,0,3,,,,
1974,West Germany,8.5,Australia,Chile,1,0,0,,,,
1974,West Germany,8.5,East Germany,West germany,1,1,0,,,,
1974,West Germany,8.5,Brazil ,Yugoslavia,1,0,0,,,,
1974,West Germany,8.5,Zaire,Scotland,1,0,2,,,,
1974,West Germany,8.5,Yugoslavia,Zaire,1,9,0,,,,
1974,West Germany,8.5,Scotland,Brazil,1,0,0,,,,
1974,West Germany,8.5,Scotland,Yugoslavia,1,1,1,,,,
1974,West Germany,8.5,Zaire,Brazil,1,0,3,,,,
1974,West Germany,8.5,Uruguay,Netherlands,1,0,2,,,,
1974,West Germany,8.5,Sweden,Bulgaria,1,0,0,,,,
1974,West Germany,8.5,Netherlands,Sweden,1,0,0,,,,
1974,West Germany,8.5,Uruguay,Bulgaria,1,1,1,,,,
1974,West Germany,8.5,Netherlands,Bulgaria,1,4,1,,,,
1974,West Germany,8.5,Sweden,Uruguay,1,3,0,,,,
1974,West Germany,8.5,Italy,Haiti,1,3,1,,,,
1974,West Germany,8.5,Poland,Argentina,1,3,2,,,,
1974,West Germany,8.5,Haiti,Poland,1,0,7,,,,
1974,West Germany,8.5,Argentina,Italy,1,1,1,,,,
1974,West Germany,8.5,Argentina,Haiti,1,4,1,,,,
1974,West Germany,8.5,Poland,Italy,1,2,1,,,,
1974,West Germany,8.5,Brazil ,East Germany,2,1,0,,,,
1974,West Germany,8.5,Netherlands,Argentina,2,4,0,,,,
1974,West Germany,8.5,East Germany,Netherlands,2,0,2,,,,
1974,West Germany,8.5,Argentina,Brazil,2,1,2,,,,
1974,West Germany,8.5,Argentina,East Germany,2,1,1,,,,
1974,West Germany,8.5,Netherlands,Brazil,2,2,0,,,,
1974,West Germany,8.5,Yugoslavia,West germany,2,0,2,,,,
1974,West Germany,8.5,Sweden,Poland,2,0,1,,,,
1974,West Germany,8.5,West Germany,Sweden,2,4,2,,,,
1974,West Germany,8.5,Poland,Yugoslavia,2,2,1,,,,
1974,West Germany,8.5,Poland,West germany,2,0,1,,,,
1974,West Germany,8.5,Sweden,Yugoslavia,2,2,1,,,,
1974,West Germany,8.5,Brazil,Poland,3,0,1,,,,
1974,West Germany,8.5,Netherlands,West germany,4,1,2,,,,
1978,Argentina,14.8,Argentina,Hungary,1,2,1,,,,
1978,Argentina,14.8,Italy,France,1,2,1,,,,
1978,Argentina,14.8,Argentina,France,1,2,1,,,,
1978,Argentina,14.8,Italy,Hungary,1,3,1,,,,
1978,Argentina,14.8,Argentina,Italy,1,0,1,,,,
1978,Argentina,14.8,France,Hungary,1,3,1,,,,
1978,Argentina,14.8,West Germany,Poland,1,0,0,,,,
1978,Argentina,14.8,Tunisia,Mexico,1,3,1,,,,
1978,Argentina,14.8,Poland,Tunisia,1,1,0,,,,
1978,Argentina,14.8,West Germany,Mexico,1,6,0,,,,
1978,Argentina,14.8,Poland,Tunisia,1,3,1,,,,
1978,Argentina,14.8,West Germany,Mexico,1,0,0,,,,
1978,Argentina,14.8,Austria,Spain,1,2,1,,,,
1978,Argentina,14.8,Brazil ,Sweden,1,1,1,,,,
1978,Argentina,14.8,Austria,Sweden,1,1,0,,,,
1978,Argentina,14.8,Brazil,Spain,1,0,0,,,,
1978,Argentina,14.8,Spain,Sweden,1,1,0,,,,
1978,Argentina,14.8,Brazil,Austria,1,1,0,,,,
1978,Argentina,14.8,Peru,Scotland,1,3,1,,,,
1978,Argentina,14.8,Netherlands,Iran,1,3,0,,,,
1978,Argentina,14.8,Scotland,Iran,1,1,1,,,,
1978,Argentina,14.8,Netherlands,Peru,1,0,0,,,,
1978,Argentina,14.8,Peru,Iran,1,4,1,,,,
1978,Argentina,14.8,Scotland,Netherlands,1,3,2,,,,
1978,Argentina,14.8,Italy,West germany,2,0,0,,,,
1978,Argentina,14.8,Austria,Netherlands,2,1,5,,,,
1978,Argentina,14.8,Italy,Austria,2,1,0,,,,
1978,Argentina,14.8,Netherlands,West germany,2,2,2,,,,
1978,Argentina,14.8,Italy,Netherlands,2,1,2,,,,
1978,Argentina,14.8,Austria,West germany,2,3,2,,,,
1978,Argentina,14.8,Argentina,Poland,2,2,0,,,,
1978,Argentina,14.8,Peru,Brazil,2,0,3,,,,
1978,Argentina,14.8,Argentina,Brazil,2,0,0,,,,
1978,Argentina,14.8,Peru,Poland,2,0,1,,,,
1978,Argentina,14.8,Argentina,Peru,2,6,0,,,,
1978,Argentina,14.8,Poland,Brazil,2,1,3,,,,
1978,Argentina,14.8,Brazil ,Italy,3,2,1,,,,
1978,Argentina,14.8,Netherlands,Argentina,4,1,3,,,,
1982,Spain,13.3,Italy,Poland,1,0,0,,,,
1982,Spain,13.3,Peru,Cameroon,1,0,0,,,,
1982,Spain,13.3,Italy,Peru,1,1,1,,,,
1982,Spain,13.3,Poland,Cameroon,1,0,0,,,,
1982,Spain,13.3,Poland,Peru,1,5,1,,,,
1982,Spain,13.3,Italy,Cameroon,1,1,1,,,,
1982,Spain,13.3,West Germany,Algeria,1,1,2,,,,
1982,Spain,13.3,Chile,Austria,1,0,1,,,,
1982,Spain,13.3,West Germany,Chile,1,4,1,,,,
1982,Spain,13.3,Algeria,Chile,1,3,2,,,,
1982,Spain,13.3,West Germany,Austria,1,1,0,,,,
1982,Spain,13.3,Argentina,Belgium,1,0,1,,,,
1982,Spain,13.3,Hungary,El Salvador,1,10,1,,,,
1982,Spain,13.3,Argentina,Hungary,1,4,1,,,,
1982,Spain,13.3,Belgium,El Salvador,1,1,0,,,,
1982,Spain,13.3,Belgium,Hungary,1,1,1,,,,
1982,Spain,13.3,Argentina,El Salvador,1,2,0,,,,
1982,Spain,13.3,England,France,1,3,1,,,,
1982,Spain,13.3,Czechoslovakia,Kuwait,1,1,1,,,,
1982,Spain,13.3,England,Czechoslovakia,1,2,0,,,,
1982,Spain,13.3,France,Kuwait,1,4,1,,,,
1982,Spain,13.3,France,Czechoslovakia,1,1,1,,,,
1982,Spain,13.3,England,Kuwait,1,1,0,,,,
1982,Spain,13.3,Spain,Honduras,1,1,1,,,,
1982,Spain,13.3,Yugoslavia,Northern Ireland,1,0,0,,,,
1982,Spain,13.3,Spain,Yugoslavia,1,2,1,,,,
1982,Spain,13.3,Honduras,Northern Ireland,1,1,1,,,,
1982,Spain,13.3,Honduras,Yugoslavia,1,0,1,,,,
1982,Spain,13.3,Spain,Northern Ireland,1,0,1,,,,
1982,Spain,13.3,Brazil,Soviet Union,1,2,1,,,,
1982,Spain,13.3,Scotland,New Zealand,1,5,2,,,,
1982,Spain,13.3,Brazil,Scotland,1,4,1,,,,
1982,Spain,13.3,Soviet Union,New Zealand,1,3,0,,,,
1982,Spain,13.3,Soviet Union,Scotland,1,2,2,,,,
1982,Spain,13.3,Brazil,New Zealand,1,4,0,,,,
1982,Spain,13.3,Poland,Belgium,2,3,0,,,,
1982,Spain,13.3,Belgium,Soviet Union,2,0,1,,,,
1982,Spain,13.3,Soviet Union,Poland,2,0,0,,,,
1982,Spain,13.3,West Germany,England,2,0,0,,,,
1982,Spain,13.3,West Germany,Spain,2,2,1,,,,
1982,Spain,13.3,Spain,England,2,0,0,,,,
1982,Spain,13.3,Italy,Argentina,2,2,1,,,,
1982,Spain,13.3,Argentina,Brazil,2,1,3,,,,
1982,Spain,13.3,Italy,Brazil,2,3,2,,,,
1982,Spain,13.3,Austria,France,2,0,1,,,,
1982,Spain,13.3,Austria,Northern Ireland,2,2,2,,,,
1982,Spain,13.3,Northern Ireland,France,2,1,4,,,,
1982,Spain,13.3,Poland,Italy,3,0,2,,,,
1982,Spain,13.3,West Germany,France,3,1,1,,,,
1982,Spain,13.3,Poland,France,4,3,2,,,,
1982,Spain,13.3,Italy,West Germany,5,3,1,,,,
1986,Mexico,21,Bulgaria,Italy,1,1,1,,,,
1986,Mexico,21,Argentina,South Korea,1,3,1,,,,
1986,Mexico,21,Italy,Argentina,1,1,1,,,,
1986,Mexico,21,South Korea,Bulgaria,1,1,1,,,,
1986,Mexico,21,South Korea,Italy,1,2,3,,,,
1986,Mexico,21,Argentina,Bulgaria,1,2,0,,,,
1986,Mexico,21,Belgium,Mexico,1,1,2,,,,
1986,Mexico,21,Paraguay,Iraq,1,1,0,,,,
1986,Mexico,21,Mexico,Paraguay,1,1,1,,,,
1986,Mexico,21,Iraq,Belgium,1,1,2,,,,
1986,Mexico,21,Iraq,Mexico,1,0,1,,,,
1986,Mexico,21,Paraguay,Belgium,1,2,2,,,,
1986,Mexico,21,Canada,France,1,0,1,,,,
1986,Mexico,21,Soviet Union,Hungary,1,6,0,,,,
1986,Mexico,21,France,Soviet Union,1,1,1,,,,
1986,Mexico,21,Hungary,Canada,1,2,0,,,,
1986,Mexico,21,Hungary,France,1,0,3,,,,
1986,Mexico,21,Soviet Union,Canada,1,2,0,,,,
1986,Mexico,21,Spain,Brazil,1,0,1,,,,
1986,Mexico,21,Algeria,Northern Ireland,1,1,1,,,,
1986,Mexico,21,Brazil,Algeria,1,1,0,,,,
1986,Mexico,21,Northern Ireland,Spain,1,1,2,,,,
1986,Mexico,21,Northern Ireland,Brazil,1,0,3,,,,
1986,Mexico,21,Algeria,Spain,1,0,3,,,,
1986,Mexico,21,Uruguay,West Germany,1,1,1,,,,
1986,Mexico,21,Scotland,Denmark,1,0,1,,,,
1986,Mexico,21,West Germany,Scotland,1,2,1,,,,
1986,Mexico,21,Denmark,Uruguay,1,6,1,,,,
1986,Mexico,21,Denmark,West Germany,1,2,0,,,,
1986,Mexico,21,Scotland,Uruguay,1,0,0,,,,
1986,Mexico,21,Morocco,Poland,1,0,0,,,,
1986,Mexico,21,Portugal,England,1,1,0,,,,
1986,Mexico,21,England,Morocco,1,0,0,,,,
1986,Mexico,21,Poland,Portugal,1,1,0,,,,
1986,Mexico,21,Portugal,Morocco,1,1,3,,,,
1986,Mexico,21,England,Poland,1,3,0,,,,
1986,Mexico,21,Mexico,Bulgaria,2,2,0,,,,
1986,Mexico,21,Soviet Union,Belgium,2,2,2,,,,
1986,Mexico,21,Argentina,Uruguay,2,1,0,,,,
1986,Mexico,21,Brazil ,Poland,2,4,0,,,,
1986,Mexico,21,Italy,France,2,0,2,,,,
1986,Mexico,21,Morocco,West germany,2,0,1,,,,
1986,Mexico,21,England,Paraguay,2,3,0,,,,
1986,Mexico,21,Denmark,Spain,2,1,5,,,,
1986,Mexico,21,Brazil,France,3,1,1,,,,
1986,Mexico,21,West Germany,Mexico,3,0,0,,,,
1986,Mexico,21,Spain,Belgium,3,1,1,,,,
1986,Mexico,21,Argentina,England,3,2,1,,,,
1986,Mexico,21,Argentina,Belgium,4,2,0,,,,
1986,Mexico,21,France,West Germany,4,0,2,,,,
1986,Mexico,21,France,Belgium,5,2,2,,,,
1986,Mexico,21,Argentina,West Germany,6,3,2,,,,
1990,Italy,13.35,Italy      ,Austria   ,1,1,0,,,,
1990,Italy,13.35,United States,Czechoslovakia  ,1,1,5,,,,
1990,Italy,13.35,Italy      ,United States,1,1,0,,,,
1990,Italy,13.35,Austria    ,Czechoslovakia  ,1,0,1,,,,
1990,Italy,13.35,Italy      ,Czechoslovakia    ,1,2,0,,,,
1990,Italy,13.35,Austria    ,United States,1,2,1,,,,
1990,Italy,13.35,Argentina       ,Cameroon   ,1,0,1,,,,
1990,Italy,13.35,Soviet Union,Romania  ,1,0,2,,,,
1990,Italy,13.35,Argentina       ,Soviet Union ,1,2,0,,,,
1990,Italy,13.35,Cameroon        ,Romania   ,1,2,1,,,,
1990,Italy,13.35,Argentina       ,Romania  ,1,1,1,,,,
1990,Italy,13.35,Cameroon        ,Soviet Union,1,0,4,,,,
1990,Italy,13.35,Brazil ,Sweden,1,2,1,,,,
1990,Italy,13.35,Costa Rica,Scotland,1,1,0,,,,
1990,Italy,13.35,Brazil ,Costa Rica,1,1,0,,,,
1990,Italy,13.35,Sweden,Scotland,1,1,2,,,,
1990,Italy,13.35,Brazil ,Scotland,1,1,0,,,,
1990,Italy,13.35,Sweden,Costa Rica,1,1,2,,,,
1990,Italy,13.35,United Arab Emirates,Colombia,1,0,2,,,,
1990,Italy,13.35,West Germany,Yugoslavia,1,4,1,,,,
1990,Italy,13.35,Yugoslavia,Colombia,1,1,0,,,,
1990,Italy,13.35,West Germany,United Arab Emirates,1,5,1,,,,
1990,Italy,13.35,West Germany,Colombia,1,1,1,,,,
1990,Italy,13.35,Yugoslavia,United Arab Emirates,1,4,1,,,,
1990,Italy,13.35,Belgium,South Korea,1,2,0,,,,
1990,Italy,13.35,Uruguay,Spain,1,0,0,,,,
1990,Italy,13.35,Belgium,Uruguay,1,3,1,,,,
1990,Italy,13.35,South Korea,Spain,1,1,3,,,,
1990,Italy,13.35,Belgium,Spain,1,1,2,,,,
1990,Italy,13.35,South Korea,Uruguay,1,0,1,,,,
1990,Italy,13.35,England,Ireland,1,1,1,,,,
1990,Italy,13.35,Netherlands,Egypt,1,1,1,,,,
1990,Italy,13.35,England,Netherlands,1,0,0,,,,
1990,Italy,13.35,Ireland,Egypt,1,0,0,,,,
1990,Italy,13.35,England,Egypt,1,1,0,,,,
1990,Italy,13.35,Ireland,Netherlands,1,1,1,,,,
1990,Italy,13.35,Cameroon        ,Colombia,2,0,0,,,,
1990,Italy,13.35,Czechoslovakia,Costa Rica,2,4,1,,,,
1990,Italy,13.35,Brazil ,Argentina,2,0,1,,,,
1990,Italy,13.35,West Germany,Netherlands,2,2,1,,,,
1990,Italy,13.35,Ireland,Romania  ,2,0,0,,,,
1990,Italy,13.35,Italy      ,Uruguay,2,2,0,,,,
1990,Italy,13.35,Spain,Yugoslavia,2,1,1,,,,
1990,Italy,13.35,England,Cameroon   ,2,0,0,,,,
1990,Italy,13.35,Yugoslavia,Argentina,3,0,0,,,,
1990,Italy,13.35,Italy      ,Ireland,3,1,0,,,,
1990,Italy,13.35,West Germany,Czechoslovakia  ,3,1,0,,,,
1990,Italy,13.35,England,Cameroon   ,3,2,2,,,,
1990,Italy,13.35,Italy      ,Argentina,4,1,1,,,,
1990,Italy,13.35,West Germany,England,4,1,1,,,,
1990,Italy,13.35,Italy      ,England,5,2,1,,,,
1990,Italy,13.35,West Germany,Argentina,6,1,0,,,,
1994,United States,8.55,United States,Switzerland,1,1,1,,,,
1994,United States,8.55,Colombia,Romania  ,1,1,3,,,,
1994,United States,8.55,Romania,Switzerland,1,1,4,,,,
1994,United States,8.55,United States,Colombia,1,2,1,,,,
1994,United States,8.55,United States,Colombia,1,0,1,,,,
1994,United States,8.55,Switzerland,Colombia,1,0,2,,,,
1994,United States,8.55,Cameroon        ,Sweden,1,2,2,,,,
1994,United States,8.55,Brazil,Russia,1,2,0,,,,
1994,United States,8.55,Brazil,Cameroon   ,1,3,0,,,,
1994,United States,8.55,Sweden,Russia,1,3,1,,,,
1994,United States,8.55,Russia,Cameroon   ,1,6,1,,,,
1994,United States,8.55,Brazil ,Sweden,1,1,1,,,,
1994,United States,8.55,Germany,Bolivia,1,1,0,,,,
1994,United States,8.55,Spain,South Korea,1,2,2,,,,
1994,United States,8.55,Germany,Spain,1,1,1,,,,
1994,United States,8.55,South Korea,Bolivia,1,0,0,,,,
1994,United States,8.55,Bolivia,Spain,1,1,3,,,,
1994,United States,8.55,Germany,South Korea,1,3,2,,,,
1994,United States,8.55,Argentina       ,Greece,1,4,0,,,,
1994,United States,8.55,Nigeria,Bulgaria,1,3,0,,,,
1994,United States,8.55,Argentina       ,Nigeria,1,2,1,,,,
1994,United States,8.55,Greece,Bulgaria,1,0,4,,,,
1994,United States,8.55,Greece,Nigeria,1,0,2,,,,
1994,United States,8.55,Argentina       ,Bulgaria,1,0,2,,,,
1994,United States,8.55,Italy      ,Ireland,1,0,1,,,,
1994,United States,8.55,Norway,Mexico,1,1,0,,,,
1994,United States,8.55,Italy      ,Norway,1,1,0,,,,
1994,United States,8.55,Mexico,Ireland,1,3,2,,,,
1994,United States,8.55,Ireland,Norway,1,0,0,,,,
1994,United States,8.55,Italy      ,Mexico,1,1,1,,,,
1994,United States,8.55,Belgium,Morocco,1,1,0,,,,
1994,United States,8.55,Netherlands,Saudi Arabia,1,2,1,,,,
1994,United States,8.55,Belgium,Netherlands,1,1,0,,,,
1994,United States,8.55,Saudi Arabia,Morocco,1,2,1,,,,
1994,United States,8.55,Morocco,Netherlands,1,1,2,,,,
1994,United States,8.55,Belgium,Saudi Arabia,1,0,1,,,,
1994,United States,8.55,Germany,Belgium,2,3,2,,,,
1994,United States,8.55,Spain,Switzerland,2,3,0,,,,
1994,United States,8.55,Saudi Arabia,Sweden,2,1,3,,,,
1994,United States,8.55,Romania,Argentina,2,3,2,,,,
1994,United States,8.55,Netherlands,Ireland,2,2,0,,,,
1994,United States,8.55,Brazil ,United States,2,1,0,,,,
1994,United States,8.55,Nigeria,Italy,2,1,1,,,,
1994,United States,8.55,Mexico,Bulgaria,2,1,1,,,,
1994,United States,8.55,Italy      ,Spain,3,2,1,,,,
1994,United States,8.55,Netherlands,Brazil,3,2,3,,,,
1994,United States,8.55,Bulgaria,Germany,3,2,1,,,,
1994,United States,8.55,Romania,Sweden,3,1,1,,,,
1994,United States,8.55,Bulgaria,Italy,4,1,2,,,,
1994,United States,8.55,Sweden,Brazil,4,0,1,,,,
1994,United States,8.55,Sweden,Bulgaria,5,4,0,,,,
1994,United States,8.55,Brazil,italy,6,0,0,,,,
1998,France,10.7,Brazil ,Scotland,1,2,1,,,,
1998,France,10.7,Morocco,Norway,1,2,2,,,,
1998,France,10.7,Scotland,Norway,1,1,1,,,,
1998,France,10.7,Brazil ,Morocco,1,3,0,,,,
1998,France,10.7,Scotland,Morocco,1,0,3,,,,
1998,France,10.7,Brazil ,Norway,1,1,2,,,,
1998,France,10.7,Cameroon        ,Austria,1,1,1,,,,
1998,France,10.7,Italy      ,Chile,1,2,2,,,,
1998,France,10.7,Chile,Austria,1,1,1,,,,
1998,France,10.7,Italy      ,Cameroon   ,1,3,0,,,,
1998,France,10.7,Italy      ,Austria,1,2,1,,,,
1998,France,10.7,Chile,Cameroon   ,1,1,1,,,,
1998,France,10.7,Saudi Arabia,Denmark,1,0,1,,,,
1998,France,10.7,France,South Africa,1,3,0,,,,
1998,France,10.7,France,Saudi Arabia,1,4,0,,,,
1998,France,10.7,South Africa,Denmark,1,1,1,,,,
1998,France,10.7,France,Denmark,1,2,1,,,,
1998,France,10.7,South Africa,Saudi Arabia,1,2,2,,,,
1998,France,10.7,Paraguay,Bulgaria,1,0,0,,,,
1998,France,10.7,Spain,Nigeria,1,2,3,,,,
1998,France,10.7,Nigeria,Bulgaria,1,1,0,,,,
1998,France,10.7,Spain,Paraguay,1,0,0,,,,
1998,France,10.7,Spain,Bulgaria,1,6,1,,,,
1998,France,10.7,Nigeria,Paraguay,1,1,3,,,,
1998,France,10.7,Netherlands,Belgium,1,0,0,,,,
1998,France,10.7,South Korea,Mexico,1,1,3,,,,
1998,France,10.7,Netherlands,South Korea,1,5,0,,,,
1998,France,10.7,Belgium,Mexico,1,2,2,,,,
1998,France,10.7,Belgium,South Korea,1,1,1,,,,
1998,France,10.7,Netherlands,Mexico,1,2,2,,,,
1998,France,10.7,Yugoslavia,Iran,1,1,0,,,,
1998,France,10.7,Germany,United States,1,2,0,,,,
1998,France,10.7,Germany,Yugolavia,1,2,2,,,,
1998,France,10.7,United States,Iran,1,1,2,,,,
1998,France,10.7,Germany,Iran,1,2,0,,,,
1998,France,10.7,United States,Yugolavia,1,0,1,,,,
1998,France,10.7,Romania,Colombia,1,1,0,,,,
1998,France,10.7,England,Tunisia,1,2,0,,,,
1998,France,10.7,Colombia,Tunisia,1,1,0,,,,
1998,France,10.7,Romania,england,1,2,1,,,,
1998,France,10.7,Romania,Tunisia,1,1,1,,,,
1998,France,10.7,Colombia,england,1,0,2,,,,
1998,France,10.7,Jamaica,Croatia,1,1,3,,,,
1998,France,10.7,Argentina,Japan,1,1,0,,,,
1998,France,10.7,Japan,Croatia,1,0,1,,,,
1998,France,10.7,Argentina,jamaica,1,5,0,,,,
1998,France,10.7,Japan,jamaica,1,1,2,,,,
1998,France,10.7,Argentina,Croatia,1,1,0,,,,
1998,France,10.7,Brazil ,Chile,2,4,1,,,,
1998,France,10.7,Italy      ,Norway,2,1,0,,,,
1998,France,10.7,Nigeria,Denmark,2,1,4,,,,
1998,France,10.7,France,Paraguay,2,0,0,,,,
1998,France,10.7,Germany,Mexico,2,2,1,,,,
1998,France,10.7,Netherlands,Yugolavia,2,2,1,,,,
1998,France,10.7,Argentina,England,2,2,2,,,,
1998,France,10.7,Romania,Croatia,2,0,1,,,,
1998,France,10.7,Italy      ,France,3,0,0,,,,
1998,France,10.7,Brazil,Denmark,3,3,2,,,,
1998,France,10.7,Germany,Croatia,3,0,3,,,,
1998,France,10.7,Netherlands,Argentina,3,2,1,,,,
1998,France,10.7,Brazil ,Netherlands,4,1,1,,,,
1998,France,10.7,France,Croatia,4,2,1,,,,
1998,France,10.7,Netherlands,Croatia,5,1,2,,,,
1998,France,10.7,Brazil ,France,6,0,3,,,,
2002,South Korea and Japan,11.15,France,Senegal,1,0,1,,,,
2002,South Korea and Japan,11.15,Uruguay,Denmark,1,1,2,,,,
2002,South Korea and Japan,11.15,France,Uruguay,1,0,0,,,,
2002,South Korea and Japan,11.15,Denmark,Senegal,1,1,1,,,,
2002,South Korea and Japan,11.15,Denmark,France,1,2,0,,,,
2002,South Korea and Japan,11.15,Senegal,Uruguay,1,3,3,,,,
2002,South Korea and Japan,11.15,Paraguay,South Africa,1,2,2,,,,
2002,South Korea and Japan,11.15,Spain,Slovenia,1,3,1,,,,
2002,South Korea and Japan,11.15,Spain,Paraguay,1,3,1,,,,
2002,South Korea and Japan,11.15,South Africa,Slovenia,1,1,0,,,,
2002,South Korea and Japan,11.15,South Africa,Spain,1,2,3,,,,
2002,South Korea and Japan,11.15,Slovenia,Paraguay,1,1,3,,,,
2002,South Korea and Japan,11.15,Brazil ,Turkey,1,2,1,,,,
2002,South Korea and Japan,11.15,China,Costa Rica,1,0,2,,,,
2002,South Korea and Japan,11.15,Brazil ,China,1,4,0,,,,
2002,South Korea and Japan,11.15,Costa Rica,Turkey,1,1,1,,,,
2002,South Korea and Japan,11.15,Costa Rica,Brazil,1,2,5,,,,
2002,South Korea and Japan,11.15,Turkey,China,1,3,0,,,,
2002,South Korea and Japan,11.15,South Korea,Poland,1,2,0,,,,
2002,South Korea and Japan,11.15,United States,Portugal,1,3,2,,,,
2002,South Korea and Japan,11.15,South Korea,United States,1,1,1,,,,
2002,South Korea and Japan,11.15,Portugal,Poland,1,4,0,,,,
2002,South Korea and Japan,11.15,Portugal,South Korea,1,0,1,,,,
2002,South Korea and Japan,11.15,Poland,United States,1,3,1,,,,
2002,South Korea and Japan,11.15,Ireland,Germany,1,1,1,,,,
2002,South Korea and Japan,11.15,Germany,Saudi Arabia,1,8,0,,,,
2002,South Korea and Japan,11.15,Germany,Republic of Ireland,1,1,1,,,,
2002,South Korea and Japan,11.15,Cameroon,Cameroon,1,0,2,,,,
2002,South Korea and Japan,11.15,Saudi Arabia,Ireland,1,0,3,,,,
2002,South Korea and Japan,11.15,England,Sweden,1,1,1,,,,
2002,South Korea and Japan,11.15,Argentina,Nigeria,1,1,0,,,,
2002,South Korea and Japan,11.15,Sweden,Nigeria,1,2,1,,,,
2002,South Korea and Japan,11.15,Argentina,England,1,0,1,,,,
2002,South Korea and Japan,11.15,Sweden,Argentina,1,1,1,,,,
2002,South Korea and Japan,11.15,Nigeria,England,1,0,0,,,,
2002,South Korea and Japan,11.15,Croatia,Mexico,1,0,1,,,,
2002,South Korea and Japan,11.15,Italy,Ecuador,1,0,1,,,,
2002,South Korea and Japan,11.15,Italy,Ecuador,1,2,0,,,,
2002,South Korea and Japan,11.15,Italy,Croatia,1,1,2,,,,
2002,South Korea and Japan,11.15,Mexico,Ecuador,1,2,1,,,,
2002,South Korea and Japan,11.15,Mexico,Italy,1,1,1,,,,
2002,South Korea and Japan,11.15,Ecuador,Croatia,1,1,0,,,,
2002,South Korea and Japan,11.15,Japan,Belgium,1,2,2,,,,
2002,South Korea and Japan,11.15,Russia,Tunisia,1,2,0,,,,
2002,South Korea and Japan,11.15,Japan,Russia,1,1,0,,,,
2002,South Korea and Japan,11.15,Tunisia,Belgium,1,1,1,,,,
2002,South Korea and Japan,11.15,Tunisia,Japan,1,0,2,,,,
2002,South Korea and Japan,11.15,Belgium,Russia,1,3,2,,,,
2002,South Korea and Japan,11.15,Germany,Paraguay,2,1,0,,,,
2002,South Korea and Japan,11.15,Denmark,England,2,0,3,,,,
2002,South Korea and Japan,11.15,Sweden,Senegal,2,1,1,,,,
2002,South Korea and Japan,11.15,Spain,Ireland,2,1,1,,,,
2002,South Korea and Japan,11.15,Mexico,United States,2,0,2,,,,
2002,South Korea and Japan,11.15,Brazil ,Belgium,2,2,0,,,,
2002,South Korea and Japan,11.15,Japan,Turkey,2,0,1,,,,
2002,South Korea and Japan,11.15,South Korea,Italy,2,1,1,,,,
2002,South Korea and Japan,11.15,England,Brazil,3,1,2,,,,
2002,South Korea and Japan,11.15,Germany,United States,3,1,0,,,,
2002,South Korea and Japan,11.15,Spain,South Korea,3,0,0,,,,
2002,South Korea and Japan,11.15,Senegal,Turkey,3,0,0,,,,
2002,South Korea and Japan,11.15,Germany,South Korea,4,1,2,,,,
2002,South Korea and Japan,11.15,Brazil ,Turkey,4,1,0,,,,
2002,South Korea and Japan,11.15,South Korea,Turkey,5,0,0,,,,
2002,South Korea and Japan,11.15,Germany,Brazil,6,0,0,,,,
2006,Germany,8.5,Germany,Costa Rica,1,4,2,,,,
2006,Germany,8.5,Poland,Ecuador,1,0,2,,,,
2006,Germany,8.5,Germany,Poland,1,1,0,,,,
2006,Germany,8.5,Ecuador,Costa Rica,1,3,0,,,,
2006,Germany,8.5,Ecuador,Germany,1,0,3,,,,
2006,Germany,8.5,Costa Rica,Poland,1,1,2,,,,
2006,Germany,8.5,England,Paraguay,1,1,0,,,,
2006,Germany,8.5,Trinidad and Tobago,Sweden,1,0,0,,,,
2006,Germany,8.5,England,Trinidad and Tobago,1,2,0,,,,
2006,Germany,8.5,Sweden,Paraguay,1,1,0,,,,
2006,Germany,8.5,Sweden,England,1,2,2,,,,
2006,Germany,8.5,Paraguay,Trinidad and Tobago,1,2,0,,,,
2006,Germany,8.5,Argentina,Cote d'Ivoire,1,2,1,,,,
2006,Germany,8.5,Serbia and Montenegro,Netherlands,1,0,1,,,,
2006,Germany,8.5,Argentina,Serbia and Montenegro,1,6,0,,,,
2006,Germany,8.5,Netherlands,Cote d'Ivoire,1,2,1,,,,
2006,Germany,8.5,Netherlands,Argentina,1,0,0,,,,
2006,Germany,8.5,Cote d'Ivoire,Serbia and Montenegro,1,3,2,,,,
2006,Germany,8.5,Mexico,Iran,1,3,1,,,,
2006,Germany,8.5,Angola,Portugal,1,0,1,,,,
2006,Germany,8.5,Mexico,Angola,1,0,0,,,,
2006,Germany,8.5,Portugal,Iran,1,2,0,,,,
2006,Germany,8.5,Portugal,Mexico,1,2,1,,,,
2006,Germany,8.5,Iran,Angola,1,1,1,,,,
2006,Germany,8.5,Italy,Ghana,1,2,0,,,,
2006,Germany,8.5,United States,Czech Republic,1,0,3,,,,
2006,Germany,8.5,Italy,United States,1,1,1,,,,
2006,Germany,8.5,Czech Republic,Ghana,1,0,2,,,,
2006,Germany,8.5,Czech Republic,Italy,1,0,2,,,,
2006,Germany,8.5,Ghana,United States,1,2,1,,,,
2006,Germany,8.5,Brazil ,Croatia,1,1,0,,,,
2006,Germany,8.5,Australia,Japan,1,3,1,,,,
2006,Germany,8.5,Brazil ,Australia,1,2,0,,,,
2006,Germany,8.5,Japan,Croatia,1,0,0,,,,
2006,Germany,8.5,Japan,Brazil,1,1,4,,,,
2006,Germany,8.5,Croatia,Australia,1,2,2,,,,
2006,Germany,8.5,France,Switzerland,1,0,0,,,,
2006,Germany,8.5,South Korea,Togo,1,2,1,,,,
2006,Germany,8.5,France,South Korea,1,1,1,,,,
2006,Germany,8.5,Togo,Switzerland,1,0,2,,,,
2006,Germany,8.5,Togo,France,1,0,2,,,,
2006,Germany,8.5,Switzerland,South Korea,1,2,0,,,,
2006,Germany,8.5,Spain,Ukraine,1,4,0,,,,
2006,Germany,8.5,Tunisia,Saudi Arabia,1,2,2,,,,
2006,Germany,8.5,Spain,Tunisia,1,3,1,,,,
2006,Germany,8.5,Saudi Arabia,Ukraine,1,0,4,,,,
2006,Germany,8.5,Saudi Arabia,Spain,1,0,1,,,,
2006,Germany,8.5,Ukraine,Tunisia,1,1,0,,,,
2006,Germany,8.5,Germany,Sweden,2,2,0,,,,
2006,Germany,8.5,Argentina,Mexico,2,1,1,,,,
2006,Germany,8.5,England,Ecuador,2,1,0,,,,
2006,Germany,8.5,Portugal,Netherlands,2,1,0,,,,
2006,Germany,8.5,Italy,Australia,2,1,0,,,,
2006,Germany,8.5,Switzerland,Ukraine,2,0,0,,,,
2006,Germany,8.5,Brazil ,Ghana,2,3,0,,,,
2006,Germany,8.5,Spain,France,2,1,3,,,,
2006,Germany,8.5,Germany,Argentina,3,1,1,,,,
2006,Germany,8.5,Italy,Ukraine,3,3,0,,,,
2006,Germany,8.5,England,Portugal,3,0,0,,,,
2006,Germany,8.5,Brazil ,France,3,0,1,,,,
2006,Germany,8.5,Germany,Italy,4,0,0,,,,
2006,Germany,8.5,Portugal,France,4,0,1,,,,
2006,Germany,8.5,Germany,Portugal,5,3,1,,,,
2006,Germany,8.5,Italy,France,6,1,1,,,,
2010,South Africa,17.75,South Africa,Mexico,1,1,1,,,,
2010,South Africa,17.75,Uruguay,France,1,0,0,,,,
2010,South Africa,17.75,South Africa,Uruguay,1,0,3,,,,
2010,South Africa,17.75,France,Mexico,1,0,2,,,,
2010,South Africa,17.75,Mexico,Uruguay,1,0,1,,,,
2010,South Africa,17.75,France,South Africa,1,1,2,,,,
2010,South Africa,17.75,South Korea,Greece,1,2,0,,,,
2010,South Africa,17.75,Argentina,Nigeria,1,1,0,,,,
2010,South Africa,17.75,Argentina,South Korea,1,4,1,,,,
2010,South Africa,17.75,Greece,Nigeria,1,2,1,,,,
2010,South Africa,17.75,Nigeria,South Korea,1,2,2,,,,
2010,South Africa,17.75,Greece,Argentina,1,0,2,,,,
2010,South Africa,17.75,England,United States,1,1,1,,,,
2010,South Africa,17.75,Algeria,Slovenia,1,0,1,,,,
2010,South Africa,17.75,Slovenia,United States,1,2,2,,,,
2010,South Africa,17.75,England,Algeria,1,0,0,,,,
2010,South Africa,17.75,United States,Algeria,1,1,0,,,,
2010,South Africa,17.75,Slovenia,England,1,0,1,,,,
2010,South Africa,17.75,Serbia,Ghana,1,0,1,,,,
2010,South Africa,17.75,Germany,Australia,1,4,0,,,,
2010,South Africa,17.75,Germany,Serbia,1,0,1,,,,
2010,South Africa,17.75,Ghana,Australia,1,1,1,,,,
2010,South Africa,17.75,Australia,Serbia,1,2,1,,,,
2010,South Africa,17.75,Ghana,Germany,1,0,1,,,,
2010,South Africa,17.75,Netherlands,Denmark,1,2,0,,,,
2010,South Africa,17.75,Japan,Cameroon,1,1,0,,,,
2010,South Africa,17.75,Netherlands,Japan,1,1,0,,,,
2010,South Africa,17.75,Cameroon,Denmark,1,1,2,,,,
2010,South Africa,17.75,Denmark,Japan,1,1,3,,,,
2010,South Africa,17.75,Cameroon,Netherlands,1,1,2,,,,
2010,South Africa,17.75,Italy,Paraguay,1,1,1,,,,
2010,South Africa,17.75,New Zealand,Slovakia,1,1,1,,,,
2010,South Africa,17.75,Slovakia,Paraguay,1,0,2,,,,
2010,South Africa,17.75,Italy,New Zealand,1,1,1,,,,
2010,South Africa,17.75,Slovakia,Italy,1,3,2,,,,
2010,South Africa,17.75,Paraguay,New Zealand,1,0,0,,,,
2010,South Africa,17.75,Côte d'Ivoire,Portugal,1,0,0,,,,
2010,South Africa,17.75,Brazil,North Korea,1,2,1,,,,
2010,South Africa,17.75,Brazil,Côte d'Ivoire,1,3,1,,,,
2010,South Africa,17.75,Portugal,North Korea,1,7,0,,,,
2010,South Africa,17.75,Portugal,Brazil,1,0,0,,,,
2010,South Africa,17.75,North Korea,Côte d'Ivoire,1,0,3,,,,
2010,South Africa,17.75,Honduras,Chile,1,0,1,,,,
2010,South Africa,17.75,Spain,Switzerland,1,0,1,,,,
2010,South Africa,17.75,Chile,Switzerland,1,1,0,,,,
2010,South Africa,17.75,Spain,Honduras,1,2,0,,,,
2010,South Africa,17.75,Chile,Spain,1,1,2,,,,
2010,South Africa,17.75,Switzerland,Honduras,1,0,0,,,,
2010,South Africa,17.75,Uruguay,South Korea,2,2,1,,,,
2010,South Africa,17.75,United States,Ghana,2,1,1*,,,,
2010,South Africa,17.75,Germany,England,2,4,1,,,,
2010,South Africa,17.75,Argentina,Mexico,2,3,1,,,,
2010,South Africa,17.75,Netherlands,Slovakia,2,2,1,,,,
2010,South Africa,17.75,Brazil,Chile,2,3,0,,,,
2010,South Africa,17.75,Paraguay,Japan,2,0*,0,,,,
2010,South Africa,17.75,Spain,Portugal,2,1,0,,,,
2010,South Africa,17.75,Netherlands,Brazil,3,2,1,,,,
2010,South Africa,17.75,Uruguay,Ghana,3,1*,1,,,,
2010,South Africa,17.75,Argentina,Germany,3,0,4,,,,
2010,South Africa,17.75,Paraguay,Spain,3,0,1,,,,
2010,South Africa,17.75,Uruguay,Netherlands,4,2,3,,,,
2010,South Africa,17.75,Germany,Spain,4,0,1,,,,
2010,South Africa,17.75,Uruguay,Germany,5,2,3,,,,
2010,South Africa,17.75,Netherlands,Spain,6,0,0*,,,,
2014,Brazil,24.95,Brazil,Croatia,1,3,1,,,,
2014,Brazil,24.95,Mexico,Cameroon,1,1,0,,,,
2014,Brazil,24.95,Brazil,Mexico,1,0,0,,,,
2014,Brazil,24.95,Cameroon,Croatia,1,0,4,,,,
2014,Brazil,24.95,Cameroon,Brazil,1,1,4,,,,
2014,Brazil,24.95,Croatia,Mexico,1,1,3,,,,
2014,Brazil,24.95,Spain,Netherlands,1,1,5,,,,
2014,Brazil,24.95,Chile,Australia,1,3,1,,,,
2014,Brazil,24.95,Spain,Chile,1,0,2,,,,
2014,Brazil,24.95,Australia,Netherlands,1,2,3,,,,
2014,Brazil,24.95,Australia,Spain,1,0,3,,,,
2014,Brazil,24.95,Netherlands,Chile,1,2,0,,,,
2014,Brazil,24.95,Colombia,Greece,1,3,0,,,,
2014,Brazil,24.95,Côte d'Ivoire,Japan,1,2,1,,,,
2014,Brazil,24.95,Colombia,Côte d'Ivoire,1,2,1,,,,
2014,Brazil,24.95,Japan,Greece,1,0,0,,,,
2014,Brazil,24.95,Japan,Colombia,1,1,4,,,,
2014,Brazil,24.95,Greece,Côte d'Ivoire,1,2,1,,,,
2014,Brazil,24.95,Uruguay,Costa Rica,1,1,3,,,,
2014,Brazil,24.95,England,Italy,1,1,2,,,,
2014,Brazil,24.95,Uruguay,England,1,2,1,,,,
2014,Brazil,24.95,Italy,Costa Rica,1,0,1,,,,
2014,Brazil,24.95,Italy,Uruguay,1,0,1,,,,
2014,Brazil,24.95,Costa Rica,England,1,0,0,,,,
2014,Brazil,24.95,Switzerland,Ecuador,1,2,1,,,,
2014,Brazil,24.95,France,Honduras,1,3,0,,,,
2014,Brazil,24.95,Switzerland,France,1,2,5,,,,
2014,Brazil,24.95,Honduras,Ecuador,1,1,2,,,,
2014,Brazil,24.95,Honduras,Switzerland,1,0,3,,,,
2014,Brazil,24.95,Ecuador,France,1,0,0,,,,
2014,Brazil,24.95,Argentina,Bosnia-Herzegovina,1,2,1,,,,
2014,Brazil,24.95,Iran,Nigeria,1,0,0,,,,
2014,Brazil,24.95,Argentina,Iran,1,1,0,,,,
2014,Brazil,24.95,Nigeria,Bosnia-Herzegovina,1,1,0,,,,
2014,Brazil,24.95,Nigeria,Argentina,1,2,3,,,,
2014,Brazil,24.95,Bosnia-Herzegovina,Iran,1,3,1,,,,
2014,Brazil,24.95,Germany,Portugal,1,4,0,,,,
2014,Brazil,24.95,Ghana,United States,1,1,2,,,,
2014,Brazil,24.95,Germany,Ghana,1,2,2,,,,
2014,Brazil,24.95,United States,Portugal,1,2,2,,,,
2014,Brazil,24.95,United States,Germany,1,0,1,,,,
2014,Brazil,24.95,Portugal,Ghana,1,2,1,,,,
2014,Brazil,24.95,Belgium,Algeria,1,2,1,,,,
2014,Brazil,24.95,Russia,South Korea,1,1,1,,,,
2014,Brazil,24.95,Belgium,Russia,1,1,0,,,,
2014,Brazil,24.95,South Korea,Algeria,1,2,4,,,,
2014,Brazil,24.95,South Korea,Belgium,1,0,1,,,,
2014,Brazil,24.95,Algeria,Russia,1,1,1,,,,
2014,Brazil,24.95,Brazil,Chile,2,1*,1,,,,
2014,Brazil,24.95,Colombia,Uruguay,2,2,0,,,,
2014,Brazil,24.95,Netherlands,Mexico,2,2,1,,,,
2014,Brazil,24.95,Costa Rica,Greece,2,1*,1,,,,
2014,Brazil,24.95,France,Nigeria,2,2,0,,,,
2014,Brazil,24.95,Germany,Algeria,2,0*,0,,,,
2014,Brazil,24.95,Argentina,Switzerland,2,0*,0,,,,
2014,Brazil,24.95,Belgium,United States,2,0*,0,,,,
2014,Brazil,24.95,Brazil,Colombia,3,2,1,,,,
2014,Brazil,24.95,France,Germany,3,0,1,,,,
2014,Brazil,24.95,Netherlands,Costa Rica,3,0*,0,,,,
2014,Brazil,24.95,Argentina,Belgium,3,1,0,,,,
2014,Brazil,24.95,Brazil,Germany,4,1,7,,,,
2014,Brazil,24.95,Netherlands,Argentina,4,0*,0,,,,
2014,Brazil,24.95,Brazil,Netherlands,5,0,3,,,,
2014,Brazil,24.95,Germany,Argentina,6,0*,0,,,,
2018,Russia,-5.1,Russia,Saudi Arabia,1,5,0,,,,
2018,Russia,-5.1,Egypt,Uruguay,1,0,1,,,,
2018,Russia,-5.1,Russia,Egypt,1,3,1,,,,
2018,Russia,-5.1,Uruguay,Saudi Arabia,1,1,0,,,,
2018,Russia,-5.1,Uruguay,Russia,1,3,0,,,,
2018,Russia,-5.1,Saudi Arabia,Egypt,1,2,1,,,,
2018,Russia,-5.1,Morocco,Iran,1,0,1,,,,
2018,Russia,-5.1,Portugal,Spain,1,3,3,,,,
2018,Russia,-5.1,Protugal,Morocco,1,1,0,,,,
2018,Russia,-5.1,Iran,Spain,1,0,1,,,,
2018,Russia,-5.1,Iran,Portugal,1,1,1,,,,
2018,Russia,-5.1,Spain,Morocco,1,2,2,,,,
2018,Russia,-5.1,France,Australia,1,2,1,,,,
2018,Russia,-5.1,Peru,Denmark,1,0,1,,,,
2018,Russia,-5.1,Denmark,Australia,1,1,1,,,,
2018,Russia,-5.1,France,Peru,1,1,0,,,,
2018,Russia,-5.1,Denmark,France,1,0,0,,,,
2018,Russia,-5.1,Australia,Peru,1,0,2,,,,
2018,Russia,-5.1,Argentina,Iceland,1,1,1,,,,
2018,Russia,-5.1,Croatia,Nigeria,1,2,0,,,,
2018,Russia,-5.1,Argentina,Croatia,1,0,3,,,,
2018,Russia,-5.1,Nigeria,Iceland,1,2,0,,,,
2018,Russia,-5.1,Nigeria,Argentina,1,1,2,,,,
2018,Russia,-5.1,Iceland,Croatia,1,1,2,,,,
2018,Russia,-5.1,Costa Rica,Serbia,1,0,1,,,,
2018,Russia,-5.1,Brazil,Switzerland,1,1,1,,,,
2018,Russia,-5.1,Brazil,Costa Rica,1,2,0,,,,
2018,Russia,-5.1,Serbia,Switzerland,1,1,2,,,,
2018,Russia,-5.1,Serbia,Brazil,1,0,2,,,,
2018,Russia,-5.1,Switzerland,Costa Rica,1,2,2,,,,
2018,Russia,-5.1,Germany,Mexico,1,0,1,,,,
2018,Russia,-5.1,Sweden,South Korea,1,1,0,,,,
2018,Russia,-5.1,South Korea,Mexico,1,1,2,,,,
2018,Russia,-5.1,Germany,Sweden,1,2,1,,,,
2018,Russia,-5.1,South Korea,Germany,1,2,0,,,,
2018,Russia,-5.1,Mexico,Sweden,1,0,3,,,,
2018,Russia,-5.1,Belgium,Panama,1,3,0,,,,
2018,Russia,-5.1,Tunisia,England,1,1,2,,,,
2018,Russia,-5.1,Belgium,Tunisia,1,5,2,,,,
2018,Russia,-5.1,England,Panama,1,6,1,,,,
2018,Russia,-5.1,England,Belgium,1,0,1,,,,
2018,Russia,-5.1,Panama,Tunisia,1,1,2,,,,
2018,Russia,-5.1,Colombia,Japan,1,1,2,,,,
2018,Russia,-5.1,Poland,Senegal,1,1,2,,,,
2018,Russia,-5.1,Japan,Senegal,1,2,2,,,,
2018,Russia,-5.1,Poland,Colombia,1,0,3,,,,
2018,Russia,-5.1,Japan,Poland,1,0,1,,,,
2018,Russia,-5.1,Senegal,Colombia,1,0,1,,,,
2018,Russia,-5.1,France,Argentina,2,4,3,,,,
2018,Russia,-5.1,Uruguay,Portugal,2,2,1,,,,
2018,Russia,-5.1,Spain,Russia,2,1,1*,,,,
2018,Russia,-5.1,Croatia,Denmark,2,1*,1,,,,
2018,Russia,-5.1,Brazil,Mexico,2,2,0,,,,
2018,Russia,-5.1,Belgium,Japan,2,3,2,,,,
2018,Russia,-5.1,Sweden,Switzerland,2,1,0,,,,
2018,Russia,-5.1,Colombia,England,2,1,1*,,,,
2018,Russia,-5.1,Uruguay,France,3,0,2,,,,
2018,Russia,-5.1,Brazil,Belgium,3,1,2,,,,
2018,Russia,-5.1,Sweden,England,3,0,2,,,,
2018,Russia,-5.1,Russia,Croatia,3,1,1*,,,,
2018,Russia,-5.1,France,Belgium,4,1,0,,,,
2018,Russia,-5.1,Croatia,England,4,1*,1,,,,
2018,Russia,-5.1,Belgium,England,5,2,0,,,,
2018,Russia,-5.1,France,Croatia,6,4,2,,,,
